<?xml version="1.0" encoding="UTF-8"?>
<extension method="upgrade" type="package" version="3.0">
<name>Package - OAuth Client</name>
<!-- The following elements are optional and free of formatting constraints -->
<packagename>OAuthClient</packagename>
<creationDate>December 2020</creationDate>
<author>Steve </author>
<authorEmail>mysteve06@gmail.com</authorEmail>
<license>GNU General Public License version 3</license>
<!-- The version string is recorded in the components table -->
<version>1.0.0</version>
<!-- The description is optional and defaults to the name -->
<description>OAuth Client Plugin Installed Successfully!</description>
<files>
<file type="component" id="oauthclient">com_oauthclient.zip</file>
<file type="plugin" id="system_oauth" group="system">plg_system_oauthclient.zip</file>
</files>
<updateservers>
<server type="extension" name="oauthclient" priority="1">https://github.com/mysteve06/updateserver/blob/main/joomla_oauthclient.xml</server>
</updateservers>
</extension>

