<?xml version="1.0" encoding="UTF-8"?>
<extension method="upgrade" version="3.0" type="component">
    <name>OAuth Client</name>
    <creationDate>December 2020</creationDate>
    <author>Steve</author>
    <authorEmail>mysteve06@gmail.com</authorEmail>
    <version>1.0.0</version>
    <license>GNU General Public License version 3</license>
    <install>
        <sql>
            <file charset="utf8" driver="mysql">sql/install.mysql.utf8.sql</file>
        </sql>
    </install>
    <uninstall>
        <sql>
            <file charset="utf8" driver="mysql">sql/uninstall.mysql.utf8.sql</file>
        </sql>
    </uninstall>
    <update>
        <!-- Runs on update; New since J2.5 -->
        <schemas>
            <schemapath type="mysql">sql/updates/mysql</schemapath>
        </schemas>
    </update>
    <!-- Site Main File Copy Section -->
    <!-- Note the folder attribute: This attribute describes the folderto copy FROM in the package to install therefore files copiedin this section are copied from /site/ in the package -->
    <files folder="site">
        <filename>index.html</filename>
        <filename>oauthclient.php</filename>
    </files>
    <administration>
        <!-- Administration Menu Section -->
        <menu link="index.php?option=com_oauthclient">OAuth Client 2.0 for joomla</menu>
        <!-- Administration Main File Copy Section -->
        <!-- Note the folder attribute: This attribute describes the folderto copy FROM in the package to install therefore files copiedin this section are copied from /admin/ in the package -->
        <files folder="admin">
            <!-- Admin Main File Copy Section -->
            <filename>index.html</filename>
            <filename>oauthclient.php</filename>
            <filename>controller.php</filename>
            <!-- Admin folder section -->
            <folder>assets</folder>
            <folder>controllers</folder>
            <folder>helpers</folder>
            <folder>sql</folder>
            <folder>views</folder>
        </files>
        <languages folder="admin/language">
            <language tag="en-GB">en-GB/en-GB.com_oauthclient.ini</language>
            <language tag="en-GB">en-GB/en-GB.com_oauthclient.sys.ini</language>
        </languages>
    </administration>
</extension>